{
  "rotation": {
    "x": 25.660000000001354,
    "y": 25.660000000001354,
    "z": 0
  }
}