{
  "rotation": {
    "x": 5.889999999999919,
    "y": 5.889999999999919,
    "z": 0
  }
}