{
  "rotation": {
    "x": 9.499999999999982,
    "y": 9.499999999999982,
    "z": 0
  }
}